drive_id,name,map_id,map_url
1m0KAc7J01xirK055qpeiXkQ-06ue0t0X,Adrian Seventh-day Adventist Company,E016551,https://drive.google.com/drive/folders/1m0KAc7J01xirK055qpeiXkQ-06ue0t0X
1m-tUD5j0jUA5ReMgW51QZCB8FrCe-elg,Allegan Seventh-day Adventist Church,E016553,https://drive.google.com/drive/folders/1m-tUD5j0jUA5ReMgW51QZCB8FrCe-elg
1ltt1Ymj1xJoGaUU_oMIOMusGn1txTe-j,Alma Twin Cities Seventh-day Adventist Church,E016724,https://drive.google.com/drive/folders/1ltt1Ymj1xJoGaUU_oMIOMusGn1txTe-j
1lpFCGOYamf-uZmjcm56l504KFjd83NbH,Alpena Seventh-day Adventist Church,E016554,https://drive.google.com/drive/folders/1lpFCGOYamf-uZmjcm56l504KFjd83NbH
1loHfrsvOdz-wY48eTX3JofMd3viDOt58,Andrews Korean Seventh-day Adventist Church,E016547,https://drive.google.com/drive/folders/1loHfrsvOdz-wY48eTX3JofMd3viDOt58
1llcC4uOMktcDFkngEVY-OjfQ7iUP8XE8,Ann Arbor Central Korean Seventh-day Adventist Company,E032757,https://drive.google.com/drive/folders/1llcC4uOMktcDFkngEVY-OjfQ7iUP8XE8
1ljuPK68EwHKaNO9sd9hPx5LUaRLCTLXO,Ann Arbor Seventh-day Adventist Church,E016555,https://drive.google.com/drive/folders/1ljuPK68EwHKaNO9sd9hPx5LUaRLCTLXO
1lapCL7oL4MHIcG1rCcGJlwpaiiSoFrL6,Ann Arbor Spanish Seventh-day Adventist Church,E019724,https://drive.google.com/drive/folders/1lapCL7oL4MHIcG1rCcGJlwpaiiSoFrL6
1l_uymIL-AGGPDvlSjhYtoCbnvEwgKM9W,Bad Axe Seventh-day Adventist Church,E016557,https://drive.google.com/drive/folders/1l_uymIL-AGGPDvlSjhYtoCbnvEwgKM9W
1lZzCS8FstbYlio8WlkP23gKFQUI3tVJd,Battle Creek Korean Seventh-day Adventist Company,E020997,https://drive.google.com/drive/folders/1lZzCS8FstbYlio8WlkP23gKFQUI3tVJd
1lZlad-mhwm8gnt2KD9scT5Vb64E7g8nS,Battle Creek Spanish Seventh-day Adventist Church,E020099,https://drive.google.com/drive/folders/1lZlad-mhwm8gnt2KD9scT5Vb64E7g8nS
1lX2wFqNIaMy__De-QPh2AxBnvCCG0pOb,Battle Creek Tabernacle,E016562,https://drive.google.com/drive/folders/1lX2wFqNIaMy__De-QPh2AxBnvCCG0pOb
1lWL4AwJf6LYCk6s03ubd-Sx8U6HqZDF-,Bauer Seventh-day Adventist Church,E016563,https://drive.google.com/drive/folders/1lWL4AwJf6LYCk6s03ubd-Sx8U6HqZDF-
1lV0tjqdr_V4qaxR64CB3lItTBSNQSyl8,Bay City Seventh-day Adventist Church,E016564,https://drive.google.com/drive/folders/1lV0tjqdr_V4qaxR64CB3lItTBSNQSyl8
1mzxc19vIsSBPM_dq2nDWoEPR1NVEJ6gG,Belgreen Seventh-day Adventist Church,E016565,https://drive.google.com/drive/folders/1mzxc19vIsSBPM_dq2nDWoEPR1NVEJ6gG
1muZZ_CYqbdF5A5Xfjd4v9HxtuQFZEH3r,Belleville Seventh-day Adventist Church,E016566,https://drive.google.com/drive/folders/1muZZ_CYqbdF5A5Xfjd4v9HxtuQFZEH3r
1msw3qKduECM9Ct0g3F9yJFBG9htRh72C,Benton Harbor Fairplain Seventh-day Adventist Church,E016571,https://drive.google.com/drive/folders/1msw3qKduECM9Ct0g3F9yJFBG9htRh72C
1mlZA-LtObxwyUXUwZgUROQ_XzJc95f95,Benton Harbor Spanish Seventh-day Adventist Company,E020990,https://drive.google.com/drive/folders/1mlZA-LtObxwyUXUwZgUROQ_XzJc95f95
1mjYvhTeZ3Mg-ztPCsgXL1Gw8yYI5M5DL,Berrien Springs Living Word Fellowship,E032327,https://drive.google.com/drive/folders/1mjYvhTeZ3Mg-ztPCsgXL1Gw8yYI5M5DL
1mfgXz6cGJGobqaCOsroHQ5JzYs3J6c_h,Berrien Springs Pioneer Memorial,E016572,https://drive.google.com/drive/folders/1mfgXz6cGJGobqaCOsroHQ5JzYs3J6c_h
1maSnRwx2C0JHH9B-xySa8Wvj9ZH7t98H,Berrien Springs Village Seventh-day Adventist Church,E016574,https://drive.google.com/drive/folders/1maSnRwx2C0JHH9B-xySa8Wvj9ZH7t98H
1m_6Nm36zZy2GUAZEG7dHccuKRPbEyg-2,Bessemer Christ Community Seventh-day Adventist Church,E019406,https://drive.google.com/drive/folders/1m_6Nm36zZy2GUAZEG7dHccuKRPbEyg-2
1mZeENWjdp81T6hyWJRrsc-v4TA9ORFid,Big Rapids Seventh-day Adventist Church,E016575,https://drive.google.com/drive/folders/1mZeENWjdp81T6hyWJRrsc-v4TA9ORFid
1mVStIWPJ8dyxaWp7riap6Q9Bet8GRVBm,Boyne City Seventh-day Adventist Church,E016576,https://drive.google.com/drive/folders/1mVStIWPJ8dyxaWp7riap6Q9Bet8GRVBm
1mMwsE0PN_yULB3eBCpb1y_Doq8Vl3ORY,Brighton Seventh-day Adventist Church,E019486,https://drive.google.com/drive/folders/1mMwsE0PN_yULB3eBCpb1y_Doq8Vl3ORY
1m7WKzA0syXC9vRB3-vNiOSQCyXzwzfxS,Bristol Seventh-day Adventist Church,E016581,https://drive.google.com/drive/folders/1m7WKzA0syXC9vRB3-vNiOSQCyXzwzfxS
1m2EB_-Ithh1nrrz7AH_ciLgxSbiJHmG0,Buchanan Seventh-day Adventist Church,E016582,https://drive.google.com/drive/folders/1m2EB_-Ithh1nrrz7AH_ciLgxSbiJHmG0
1m1fMaZm7Um7plV6kLM4EAYKzOpuzFoFl,Bunker Hill Seventh-day Adventist Church,E016583,https://drive.google.com/drive/folders/1m1fMaZm7Um7plV6kLM4EAYKzOpuzFoFl
1m1OHw30DRsMyNIJAfP6GYVEVtOhP_t3P,Burlington Seventh-day Adventist Church,E016585,https://drive.google.com/drive/folders/1m1OHw30DRsMyNIJAfP6GYVEVtOhP_t3P
1oB6EnUaPjsipMZYd3zGhGZI29vZeoVZJ,Cadillac 13th Street Seventh-day Adventist Church,E030308,https://drive.google.com/drive/folders/1oB6EnUaPjsipMZYd3zGhGZI29vZeoVZJ
1oAbd58egUBFOSmCPo-TQFnLayE_jfHFG,Cadillac Seventh-day Adventist Church,E016586,https://drive.google.com/drive/folders/1oAbd58egUBFOSmCPo-TQFnLayE_jfHFG
1o7I1P1w8s4IIfTBvxaCDuSs6UyJJ7A8u,Carp Lake Faith Memorial SDA,E016587,https://drive.google.com/drive/folders/1o7I1P1w8s4IIfTBvxaCDuSs6UyJJ7A8u
1o32GA7aBjXm2pJ3wM4XSZHEvZA85vYMz,Cedar Lake Seventh-day Adventist Church,E016593,https://drive.google.com/drive/folders/1o32GA7aBjXm2pJ3wM4XSZHEvZA85vYMz
1nrNRSzjMi_gQRCYu5sx4JNEnQBBnrdfx,Central Lake Seventh-day Adventist Church,E016595,https://drive.google.com/drive/folders/1nrNRSzjMi_gQRCYu5sx4JNEnQBBnrdfx
1nqyL3gi3cg7Tb-ZYEFWuyCWYgSLB7Bgt,Centreville Seventh-day Adventist Church,E019302,https://drive.google.com/drive/folders/1nqyL3gi3cg7Tb-ZYEFWuyCWYgSLB7Bgt
1noUkyzJDUBx6U41V-Kf6LKtqdFRhGq8r,Charlotte Seventh-day Adventist Church,E016596,https://drive.google.com/drive/folders/1noUkyzJDUBx6U41V-Kf6LKtqdFRhGq8r
1neXUn9kFUzYab5iY4ItIsekTetrdeuyb,Cheboygan Seventh-day Adventist Church,E016597,https://drive.google.com/drive/folders/1neXUn9kFUzYab5iY4ItIsekTetrdeuyb
1nXn7bO1gE6jZrkV6nYC5aIRmyrnfMdHi,Cherry Hill Seventh-day Adventist Church,E019306,https://drive.google.com/drive/folders/1nXn7bO1gE6jZrkV6nYC5aIRmyrnfMdHi
1nWhom5-nKHpf-hgur5-8kD8lIaVN5vFa,Chesaning Seventh-day Adventist Church,E016598,https://drive.google.com/drive/folders/1nWhom5-nKHpf-hgur5-8kD8lIaVN5vFa
1nNoXDwhn7AarfManV9KrXEwazTu6p-n0,Chikaming Seventh-day Adventist Church,E016599,https://drive.google.com/drive/folders/1nNoXDwhn7AarfManV9KrXEwazTu6p-n0
1nARgMaphmlMXPlp7_iS5oGaBqrbc02Gk,Clare Seventh-day Adventist Church,E019697,https://drive.google.com/drive/folders/1nARgMaphmlMXPlp7_iS5oGaBqrbc02Gk
1n7aMSc8PnQfC0200jLtWiYGZrYWb68cF,Clio Seventh-day Adventist Church,E020995,https://drive.google.com/drive/folders/1n7aMSc8PnQfC0200jLtWiYGZrYWb68cF
1n6PXloxM0sgIWkgoOn3h4IAyT9SyegBh,Coldwater Seventh-day Adventist Church,E016603,https://drive.google.com/drive/folders/1n6PXloxM0sgIWkgoOn3h4IAyT9SyegBh
1n3LNzhuL4BQEroZLsoeCQ60PLGp2Plkc,Coloma Seventh-day Adventist Church,E016604,https://drive.google.com/drive/folders/1n3LNzhuL4BQEroZLsoeCQ60PLGp2Plkc
1p1bMptb-v1DN11JJnd5hLXz95uwKClVm,Covert Seventh-day Adventist Church,E016605,https://drive.google.com/drive/folders/1p1bMptb-v1DN11JJnd5hLXz95uwKClVm
1ozRr6FkvYXkNx77u7KX9h_d1KBygLWMv,Delton Seventh-day Adventist Church,E016606,https://drive.google.com/drive/folders/1ozRr6FkvYXkNx77u7KX9h_d1KBygLWMv
1ox01UndqazqntNbduOUx7ctF3LWw-H2r,Detroit Korean Seventh-day Adventist Church,E016609,https://drive.google.com/drive/folders/1ox01UndqazqntNbduOUx7ctF3LWw-H2r
1oszZcRFZ5Ys7X525au-HERAwEbC56iYI,Detroit Northwest Seventh-day Adventist Church,E016612,https://drive.google.com/drive/folders/1oszZcRFZ5Ys7X525au-HERAwEbC56iYI
1olx3EBpNC-5pnw_zWFSJs0J8p2MbrHgF,Detroit Oakwood Seventh-day Adventist Church,E016610,https://drive.google.com/drive/folders/1olx3EBpNC-5pnw_zWFSJs0J8p2MbrHgF
1okUTlvibYPdSaM_MBdpSUyMRrA7AXkog,Detroit Shalom Spanish Company,E019986,https://drive.google.com/drive/folders/1okUTlvibYPdSaM_MBdpSUyMRrA7AXkog
1oj2uQG4xd7XzEtbk59mOPCwmIE5YcvdX,Detroit Spanish Cavalry Seventh-day Adventist Church,E016613,https://drive.google.com/drive/folders/1oj2uQG4xd7XzEtbk59mOPCwmIE5YcvdX
1oYBRfE6zp4tYt0TnlckNStditVsAcyXv,Detroit Spanish Ebenezer Seventh-day Adventist Company,E045845,https://drive.google.com/drive/folders/1oYBRfE6zp4tYt0TnlckNStditVsAcyXv
1oSxWrBb-rPqaDlpQc2r7vpNJMlrgbWi2,Dowagiac Seventh-day Adventist Church,E016614,https://drive.google.com/drive/folders/1oSxWrBb-rPqaDlpQc2r7vpNJMlrgbWi2
1oLv8vHU5BtAMvAEwrkWd2_K4FYadX5fg,East Lansing University Seventh-day Adventist Church,E016584,https://drive.google.com/drive/folders/1oLv8vHU5BtAMvAEwrkWd2_K4FYadX5fg
1oLKxlQbbW0v7swHWrnHPSwHw4Z4iI2Bp,Eau Claire Seventh-day Adventist Church,E016615,https://drive.google.com/drive/folders/1oLKxlQbbW0v7swHWrnHPSwHw4Z4iI2Bp
1oJsZb6oeJD7HfnRDpy6qEmG6NVibvGZD,Eau Claire Spanish Church,E031563,https://drive.google.com/drive/folders/1oJsZb6oeJD7HfnRDpy6qEmG6NVibvGZD
1oHOdUzuzYHVZK0ifTR8azJxZxzDU5j80,Edenville Seventh-day Adventist Church,E016616,https://drive.google.com/drive/folders/1oHOdUzuzYHVZK0ifTR8azJxZxzDU5j80
1oGYjDFpCqjOpFmnrquKPomeE2e3TyWhX,Edmore Seventh-day Adventist Church,E016617,https://drive.google.com/drive/folders/1oGYjDFpCqjOpFmnrquKPomeE2e3TyWhX
1oDdB4DPIONpSJIMbP_x4CWJAAx0Cj84D,Edwardsburg Seventh-day Adventist Church,E020994,https://drive.google.com/drive/folders/1oDdB4DPIONpSJIMbP_x4CWJAAx0Cj84D
1q6SuHIpqN6fqSNMxiNMbNAIVSCiIcskU,Elk Rapids Spanish Seventh-day Adventist Church,E016618,https://drive.google.com/drive/folders/1q6SuHIpqN6fqSNMxiNMbNAIVSCiIcskU
1q0TwPFSwcoH36UYelvL-u5jB9d7_3gp8,Escanaba Seventh-day Adventist Church,E016619,https://drive.google.com/drive/folders/1q0TwPFSwcoH36UYelvL-u5jB9d7_3gp8
1q-96nobN72Aa8W5Lsvf7FOct3mwnNLSr,Estey Seventh-day Adventist Church,E016620,https://drive.google.com/drive/folders/1q-96nobN72Aa8W5Lsvf7FOct3mwnNLSr
1pzFtbRqvdtdABXzGoIeJfZ2rm1QDkgpp,Farmington Seventh-day Adventist Church,E016622,https://drive.google.com/drive/folders/1pzFtbRqvdtdABXzGoIeJfZ2rm1QDkgpp
1pui1YkvDrwykh4hAOg6q_M_UPfL5RWe7,Fenton Seventh-day Adventist Church,E016623,https://drive.google.com/drive/folders/1pui1YkvDrwykh4hAOg6q_M_UPfL5RWe7
1ptKDRDXaej-leJcT_W25uirXVX1bampj,First Flint Seventh-day Adventist Church,E016624,https://drive.google.com/drive/folders/1ptKDRDXaej-leJcT_W25uirXVX1bampj
1pqkdz8ujM1vXXtPMcjxpgj8XFTuJOu4C,Frankfort Seventh-day Adventist Church,E016625,https://drive.google.com/drive/folders/1pqkdz8ujM1vXXtPMcjxpgj8XFTuJOu4C
1poKQkueMqGGErm5CrpnmxiU2yqAnJt9h,Frost Seventh-day Adventist Church,E016627,https://drive.google.com/drive/folders/1poKQkueMqGGErm5CrpnmxiU2yqAnJt9h
1pjBh_bmKujFkqv3G3Q9OpEilJZbih6hK,Gaylord Seventh-day Adventist Church,E016628,https://drive.google.com/drive/folders/1pjBh_bmKujFkqv3G3Q9OpEilJZbih6hK
1pdc0rjsbOW5r0dPo6ASrDWKcRxufR1ia,Gladwin Seventh-day Adventist Church,E016629,https://drive.google.com/drive/folders/1pdc0rjsbOW5r0dPo6ASrDWKcRxufR1ia
1pcMtDf0S2WtomY_KKr12LO82lIEjl_GC,Glennie Seventh-day Adventist Church,E016630,https://drive.google.com/drive/folders/1pcMtDf0S2WtomY_KKr12LO82lIEjl_GC
1pGuPCAiD9KzV7KAa6VD3cjezjIrnfTW-,Glenwood Seventh-day Adventist Church,E016631,https://drive.google.com/drive/folders/1pGuPCAiD9KzV7KAa6VD3cjezjIrnfTW-
1p7lSP8Hf4mR1O4PPdGaeYt1-q7vuL3sg,Gobles Seventh-day Adventist Church,E016632,https://drive.google.com/drive/folders/1p7lSP8Hf4mR1O4PPdGaeYt1-q7vuL3sg
1p7fMpKUgyOyiPAoeQyGXDP3uF2HHB312,Grand Blanc Seventh-day Adventist Church,E020993,https://drive.google.com/drive/folders/1p7fMpKUgyOyiPAoeQyGXDP3uF2HHB312
1p3rP-_ME1DQfmaiffgD5HwFlTsBD7nEW,Grand Haven Seventh-day Adventist Church,E016633,https://drive.google.com/drive/folders/1p3rP-_ME1DQfmaiffgD5HwFlTsBD7nEW
1r8AF4YDRiH6u8qSkIE9vMTngxU9omZmO,Grand Ledge Seventh-day Adventist Church,E016634,https://drive.google.com/drive/folders/1r8AF4YDRiH6u8qSkIE9vMTngxU9omZmO
1r0sjKrCtSmcr7dv5yoY8_vBS7m-76LZi,Grand Rapids Central Seventh-day Adventist Church,E016635,https://drive.google.com/drive/folders/1r0sjKrCtSmcr7dv5yoY8_vBS7m-76LZi
1r-HGzAZvUA7HBw9x083TRs24Nn51GsJL,Grand Rapids Elwell Company,E054011,https://drive.google.com/drive/folders/1r-HGzAZvUA7HBw9x083TRs24Nn51GsJL
1qzbOGRPxIhModDFOB4QUegdmK8ACUmMO,Grand Rapids Golden Gate,E054825,https://drive.google.com/drive/folders/1qzbOGRPxIhModDFOB4QUegdmK8ACUmMO
1qvKw5cQ1Q1NcXmasS9zi0TSItTVeciK0,Grand Rapids Maranatha Spanish Church,E016607,https://drive.google.com/drive/folders/1qvKw5cQ1Q1NcXmasS9zi0TSItTVeciK0
1qtpain__zEEaGaACyCD4TYecynCM3Lbt,Grand Rapids Northwest Spanish Seventh-day Adventist Co,E021276,https://drive.google.com/drive/folders/1qtpain__zEEaGaACyCD4TYecynCM3Lbt
1qtL7p6OtmNx18xMcbztJR4oezCNOLNPp,Grand Rapids Zomi Seventh-day Adventist Company,E053659,https://drive.google.com/drive/folders/1qtL7p6OtmNx18xMcbztJR4oezCNOLNPp
1qq1Zwaoll9l617SqQXvNpI9Xs2TQke2i,Grayling Seventh-day Adventist Church,E016637,https://drive.google.com/drive/folders/1qq1Zwaoll9l617SqQXvNpI9Xs2TQke2i
1qdXW51qMFmEgxQqAjHBvyYnvUxR-kwA9,Greenland Seventh-day Adventist Church,E016678,https://drive.google.com/drive/folders/1qdXW51qMFmEgxQqAjHBvyYnvUxR-kwA9
1qd-pGVP6BOUfPFwvSg-HNxXTEZJ12Gmo,Harbor of Hope Group,E054006,https://drive.google.com/drive/folders/1qd-pGVP6BOUfPFwvSg-HNxXTEZJ12Gmo
1qcNQyB1XbREpKbHBg5dp_wD5VDLhOzwE,Hartford Indonesian Seventh-day Adventist Company,E052297,https://drive.google.com/drive/folders/1qcNQyB1XbREpKbHBg5dp_wD5VDLhOzwE
1qZHcsc7VFK4CBYv0P6E0JudFsNr3NISr,Hartford Seventh-day Adventist Church,E016638,https://drive.google.com/drive/folders/1qZHcsc7VFK4CBYv0P6E0JudFsNr3NISr
1qZBw8GsvmoZ_gSGbqO7YwUgY_YhWJC8b,Hastings Seventh-day Adventist Church,E016639,https://drive.google.com/drive/folders/1qZBw8GsvmoZ_gSGbqO7YwUgY_YhWJC8b
1qRW6VZYH5ttwQiXbb4Iy1VUrlmsf3z1r,Hillsdale Seventh-day Adventist Church,E016641,https://drive.google.com/drive/folders/1qRW6VZYH5ttwQiXbb4Iy1VUrlmsf3z1r
1qDqDmHUfkZtUGq7_OsMyTeibkV5tX81x,Holland Seventh-day Adventist Church,E016642,https://drive.google.com/drive/folders/1qDqDmHUfkZtUGq7_OsMyTeibkV5tX81x
1rlynPh8FpvEj8Vki_3SVxGJ0KyM0YwY6,Holland Spanish Seventh-day Adventist Church,E016644,https://drive.google.com/drive/folders/1rlynPh8FpvEj8Vki_3SVxGJ0KyM0YwY6
1rlf3QHz9tVyyQOHZ5eowx6Hpj_N1nrau,Holly Seventh-day Adventist Church,E016645,https://drive.google.com/drive/folders/1rlf3QHz9tVyyQOHZ5eowx6Hpj_N1nrau
1rk1U9ttndCc376TcdPznJ59UFH7EP_ZX,Holt Seventh-day Adventist Church,E020082,https://drive.google.com/drive/folders/1rk1U9ttndCc376TcdPznJ59UFH7EP_ZX
1riKO_GRs1fbXV3MMPrHc8WWpGA__vJcC,Houghton Lake Seventh-day Adventist Church,E016648,https://drive.google.com/drive/folders/1riKO_GRs1fbXV3MMPrHc8WWpGA__vJcC
1rX8eMKwFRoMXNy1Ek-DKAURa-zCwxwEt,Houghton Seventh-day Adventist Church,E016646,https://drive.google.com/drive/folders/1rX8eMKwFRoMXNy1Ek-DKAURa-zCwxwEt
1rQ679BoQYCKoymPt7YFpHFfvXnGD0RBT,Ionia Seventh-day Adventist Church,E016651,https://drive.google.com/drive/folders/1rQ679BoQYCKoymPt7YFpHFfvXnGD0RBT
1rPDKpYrzJE6BZ2Pm5e0Kqd0u9EUrjQ2d,Iron Mountain Seventh-day Adventist Church,E016652,https://drive.google.com/drive/folders/1rPDKpYrzJE6BZ2Pm5e0Kqd0u9EUrjQ2d
1rN5K23AKOciK3Ut-IOvz6zFu0PQqtk3l,Iron River Seventh-day Adventist Church,E016653,https://drive.google.com/drive/folders/1rN5K23AKOciK3Ut-IOvz6zFu0PQqtk3l
1rKXZwoAmdO0Rf37VG1k4x9q9BRGRway_,Irons Seventh-day Adventist Church,E016654,https://drive.google.com/drive/folders/1rKXZwoAmdO0Rf37VG1k4x9q9BRGRway_
1rI08xaNfPhgwHoJzDGwjNMWCQ_J6xa2N,Ithaca Seventh-day Adventist Church,E016656,https://drive.google.com/drive/folders/1rI08xaNfPhgwHoJzDGwjNMWCQ_J6xa2N
1rH4OFO58MQKNBOEpwBWtO2rGzkyR3Q3f,Jackson Seventh-day Adventist Church,E016657,https://drive.google.com/drive/folders/1rH4OFO58MQKNBOEpwBWtO2rGzkyR3Q3f
1rDiCP-wxv3UNmDaQeuxLYXu0O_1ihp7y,Kalamazoo Countryside Seventh-day Adventist Church,E020992,https://drive.google.com/drive/folders/1rDiCP-wxv3UNmDaQeuxLYXu0O_1ihp7y
1rDPjEF6I9IHkHtU94U1bFpvMbcMMA75O,Kalamazoo Seventh-day Adventist Church,E016658,https://drive.google.com/drive/folders/1rDPjEF6I9IHkHtU94U1bFpvMbcMMA75O
1rCORceqP4y65939t52bFf8fuky-L_6uQ,Kalamazoo Spanish Seventh-day Adventist Church,E020083,https://drive.google.com/drive/folders/1rCORceqP4y65939t52bFf8fuky-L_6uQ
1rBlG-_X3cMp3CFVBRVZhoX5YwZghBSO3,Kalkaska Seventh-day Adventist Church,E016659,https://drive.google.com/drive/folders/1rBlG-_X3cMp3CFVBRVZhoX5YwZghBSO3
1sroolqytOJZXqaO4owLVgxdE70ZGRR4W,Kentwood Seventh-day Adventist Church,E021087,https://drive.google.com/drive/folders/1sroolqytOJZXqaO4owLVgxdE70ZGRR4W
1sYmyxs1qZsZu5Sv-3uPysRIQUCN9Urw-,L'Anse Seventh-day Adventist Company,E016662,https://drive.google.com/drive/folders/1sYmyxs1qZsZu5Sv-3uPysRIQUCN9Urw-
1sqyK8IrB3s8mzsmiaVWVTCwwTVr7Jx63,Lake City Seventh-day Adventist Church,E016660,https://drive.google.com/drive/folders/1sqyK8IrB3s8mzsmiaVWVTCwwTVr7Jx63
1siK8E09Yco1AbexpMIsWNCKoTCJL2lZM,Lakes Area Seventh-day Adventist Company,E053742,https://drive.google.com/drive/folders/1siK8E09Yco1AbexpMIsWNCKoTCJL2lZM
1sho9xZgrrKRRcFSuyh3uS2BfP6dZW51B,Lakeview Seventh-day Adventist Church,E016661,https://drive.google.com/drive/folders/1sho9xZgrrKRRcFSuyh3uS2BfP6dZW51B
1sXz7MtqoxSWUrPSVVbjLSs-tAlbcVxYD,Lansing Seventh-day Adventist Church,E016663,https://drive.google.com/drive/folders/1sXz7MtqoxSWUrPSVVbjLSs-tAlbcVxYD
1sTPhOsKyOPNUX64-Ez57F2-oubwZxXpL,Lansing Spanish Seventh-day Adventist Church,E016664,https://drive.google.com/drive/folders/1sTPhOsKyOPNUX64-Ez57F2-oubwZxXpL
1sJ-cNb1YRiudckYMsRwk-8hhbFNt5xu2,Lapeer Seventh-day Adventist Church,E016666,https://drive.google.com/drive/folders/1sJ-cNb1YRiudckYMsRwk-8hhbFNt5xu2
1sDzv5zzFNjBaLLizEhOdyA7Cu2x4H0Lt,Livingston Seventh-day Adventist Church,E016640,https://drive.google.com/drive/folders/1sDzv5zzFNjBaLLizEhOdyA7Cu2x4H0Lt
1sCSB4vt83nNiddpKHQuxM6DnHGgGWKkb,Lowell Riverside Fellowship SDA,E019703,https://drive.google.com/drive/folders/1sCSB4vt83nNiddpKHQuxM6DnHGgGWKkb
1sCFLAoQ_Vj_tfogHPxpxB1P7eMrAKTgo,Ludington Seventh-day Adventist Church,E016670,https://drive.google.com/drive/folders/1sCFLAoQ_Vj_tfogHPxpxB1P7eMrAKTgo
1rxPfGimUnsE9rrzKfRfkrxShAkm-2S2i,Manistee Seventh-day Adventist Church,E016671,https://drive.google.com/drive/folders/1rxPfGimUnsE9rrzKfRfkrxShAkm-2S2i
1rs_x4FBxkQEXeqM8UAW1NALmiwTpnELi,Manistique Seventh-day Adventist Church,E016673,https://drive.google.com/drive/folders/1rs_x4FBxkQEXeqM8UAW1NALmiwTpnELi
1rqf28US4f_kN2I2a3PtanXIQ2fVGmLP4,Manton Seventh-day Adventist Church,E016674,https://drive.google.com/drive/folders/1rqf28US4f_kN2I2a3PtanXIQ2fVGmLP4
1rnuVZxRwqBLshL0q7KLk_SwHx8L7s6nR,Marion Seventh-day Adventist Church,E016675,https://drive.google.com/drive/folders/1rnuVZxRwqBLshL0q7KLk_SwHx8L7s6nR
1tidTXk-Id-7msduhArYoSPguGz8x26D_,Marquette Seventh-day Adventist Church,E016676,https://drive.google.com/drive/folders/1tidTXk-Id-7msduhArYoSPguGz8x26D_
1tey3KJlngXlY6jqFyK5aND-HgvO7aNPJ,Marshall Seventh-day Adventist Church,E016677,https://drive.google.com/drive/folders/1tey3KJlngXlY6jqFyK5aND-HgvO7aNPJ
1taY-ptGp5Selzk-oQTSC7wM2iSO6t8Y8,McMillan Northwoods Seventh-day Adventist Church,E016679,https://drive.google.com/drive/folders/1taY-ptGp5Selzk-oQTSC7wM2iSO6t8Y8
1tUwSsq3t4GdZx2ucVWaEe6AEkKGyPpOG,Menominee Seventh-day Adventist Church,E016681,https://drive.google.com/drive/folders/1tUwSsq3t4GdZx2ucVWaEe6AEkKGyPpOG
1tTxMm9mtvk0WGsxLkTWzvZP4VZqVBEn5,Mesick Seventh-day Adventist Church,E016682,https://drive.google.com/drive/folders/1tTxMm9mtvk0WGsxLkTWzvZP4VZqVBEn5
1tSyz031ypG8hEYV-wnyBRyqFWt5BMrL4,Metropolitan Seventh-day Adventist Church,E016683,https://drive.google.com/drive/folders/1tSyz031ypG8hEYV-wnyBRyqFWt5BMrL4
1tQDhXRkUgerdm66_dE38D4jTu01oJhz8,Michiana Filipino-American Seventh-day Adventist Church,E016592,https://drive.google.com/drive/folders/1tQDhXRkUgerdm66_dE38D4jTu01oJhz8
1tN4GPoX__d4Vfuc9eqDHY99VKkf2oC5z,Midland Seventh-day Adventist Church,E016684,https://drive.google.com/drive/folders/1tN4GPoX__d4Vfuc9eqDHY99VKkf2oC5z
1tMkFK7BgCXKB8MKcul27ZVZzEutjY8pF,Mio Seventh-day Adventist Church,E016685,https://drive.google.com/drive/folders/1tMkFK7BgCXKB8MKcul27ZVZzEutjY8pF
1tIfkWghaaTHN11W6Bh65hF7XNgaRJ0au,Monroe Seventh-day Adventist Church,E016686,https://drive.google.com/drive/folders/1tIfkWghaaTHN11W6Bh65hF7XNgaRJ0au
1tIS0ZEPXDB_-xuMaP2Tt6blyRrKy-YAX,Mount Pleasant Seventh-day Adventist Church,E016688,https://drive.google.com/drive/folders/1tIS0ZEPXDB_-xuMaP2Tt6blyRrKy-YAX
1tBYmwVbhYx-gFIT4QbAqlUbPoIim2jEM,Munising Seventh-day Adventist Church,E016689,https://drive.google.com/drive/folders/1tBYmwVbhYx-gFIT4QbAqlUbPoIim2jEM
1t-V8bwaoQlzwB1mQEe57d-9hyGceMu_A,Muskegon Seventh-day Adventist Church,E016690,https://drive.google.com/drive/folders/1t-V8bwaoQlzwB1mQEe57d-9hyGceMu_A
1sxcoXxcnZdkkI0BLdBGKHw5_PU7XhLNz,New Haven Seventh-day Adventist Church,E020996,https://drive.google.com/drive/folders/1sxcoXxcnZdkkI0BLdBGKHw5_PU7XhLNz
1svQVZ7kEod12oZYt-majd1sV3wYJhwyh,Niles Malawi Michiana Seventh-day Adventist Company,E032294,https://drive.google.com/drive/folders/1svQVZ7kEod12oZYt-majd1sV3wYJhwyh
1uV434TQ7fQKiZT8MfZQGy2_g-BHtqrmo,Niles Southside Seventh-day Adventist Company,E031987,https://drive.google.com/drive/folders/1uV434TQ7fQKiZT8MfZQGy2_g-BHtqrmo
1uSPMTuPi6s7Fj5ywZ8cWubuNw3bMOJ5a,Niles Westside Adventist Church,E016691,https://drive.google.com/drive/folders/1uSPMTuPi6s7Fj5ywZ8cWubuNw3bMOJ5a
1uNZDGGzqANWv6BHeHv5zB-OEHT4zpn9M,Onaway Seventh-day Adventist Church,E016692,https://drive.google.com/drive/folders/1uNZDGGzqANWv6BHeHv5zB-OEHT4zpn9M
1uLrytcDjZ5_FzhamHG5B8a0P4VQiG8DT,Orion Oxford Seventh-day Adventist Church,E016693,https://drive.google.com/drive/folders/1uLrytcDjZ5_FzhamHG5B8a0P4VQiG8DT
1uK9wdo2eeoimB1_QQRPz6ctEfO4Qs0vl,Otsego Seventh-day Adventist Church,E016695,https://drive.google.com/drive/folders/1uK9wdo2eeoimB1_QQRPz6ctEfO4Qs0vl
1uJmsGxiiCbjzTS9LgI_Ef5xuUpX517-_,Otter Lake Seventh-day Adventist Church,E016696,https://drive.google.com/drive/folders/1uJmsGxiiCbjzTS9LgI_Ef5xuUpX517-_
1uI6HSmRNT4GFX34NwMfQYtYif9R2oQir,Owosso Seventh-day Adventist Church,E016697,https://drive.google.com/drive/folders/1uI6HSmRNT4GFX34NwMfQYtYif9R2oQir
1uHfqqdu3XH4JiwUPxcoI0_FfNsGi0MNW,Paw Paw Seventh-day Adventist Church,E016698,https://drive.google.com/drive/folders/1uHfqqdu3XH4JiwUPxcoI0_FfNsGi0MNW
1uGfztLVuoJLallOj757LRHOd043tU1ls,Pearl Spanish Seventh-day Adventist Church,E020085,https://drive.google.com/drive/folders/1uGfztLVuoJLallOj757LRHOd043tU1ls
1uFIaSn1z3ecat_6Bt_R7U7gKGBlImWt9,Petoskey Seventh-day Adventist Church,E016699,https://drive.google.com/drive/folders/1uFIaSn1z3ecat_6Bt_R7U7gKGBlImWt9
1uBoOfa8qMNvbJj3XzMIH5kekFDwBsW3X,Pittsford Seventh-day Adventist Church,E016704,https://drive.google.com/drive/folders/1uBoOfa8qMNvbJj3XzMIH5kekFDwBsW3X
1txtpi4Ol-iG8QqjpcmpoBRlV8UXn5s7u,Plymouth Seventh-day Adventist Church,E016700,https://drive.google.com/drive/folders/1txtpi4Ol-iG8QqjpcmpoBRlV8UXn5s7u
1tvBAbcFFm6X7mIsfO0q6AjVm1fE8J6Ys,Pontiac Spanish Seventh-day Adventist Company,E029924,https://drive.google.com/drive/folders/1tvBAbcFFm6X7mIsfO0q6AjVm1fE8J6Ys
1tlQaNJ8OO60LX5MhibnehfNIe2xnFMRb,Port Huron Blue Water Seventh-day Adventist Church,E016702,https://drive.google.com/drive/folders/1tlQaNJ8OO60LX5MhibnehfNIe2xnFMRb
1tisz8VrclAAb7RdvWOzMLm8FMSi-MQ-J,Port Sanilac Seventh-day Adventist Company,E032561,https://drive.google.com/drive/folders/1tisz8VrclAAb7RdvWOzMLm8FMSi-MQ-J
1vK_lYJQ_n7KR-bXxzs2RDuwgWy4v8RBS,Portland Seventh-day Adventist Church,E016703,https://drive.google.com/drive/folders/1vK_lYJQ_n7KR-bXxzs2RDuwgWy4v8RBS
1vIAUDyweViFNTIs9jbB-48ehp1q8evwz,Pullman Seventh-day Adventist Church,E016705,https://drive.google.com/drive/folders/1vIAUDyweViFNTIs9jbB-48ehp1q8evwz
1vI3SvEgOkEa5L0sH1AbAUmr0ouYlpbK4,Reed City Seventh-day Adventist Church,E016706,https://drive.google.com/drive/folders/1vI3SvEgOkEa5L0sH1AbAUmr0ouYlpbK4
1vHItJ5pzcfc-SeP_6et-ezipRmPT8MD2,Riverside Seventh-day Adventist Church,E016708,https://drive.google.com/drive/folders/1vHItJ5pzcfc-SeP_6et-ezipRmPT8MD2
1vAmbUk1B0PN5xLpCinKGh86FS5hW53IJ,Saginaw Seventh-day Adventist Church,E016709,https://drive.google.com/drive/folders/1vAmbUk1B0PN5xLpCinKGh86FS5hW53IJ
1vAbopLgM87RKv1B-uSIqVOZyei5oA01P,Saint Charles Seventh-day Adventist Church,E016710,https://drive.google.com/drive/folders/1vAbopLgM87RKv1B-uSIqVOZyei5oA01P
1v993IpU9u8Axg4-HYVggILEeNzhiREdi,Saint Johns Seventh-day Adventist Church,E016694,https://drive.google.com/drive/folders/1v993IpU9u8Axg4-HYVggILEeNzhiREdi
1v7a0-ZCiAL0OYxmnlpir4Ij3_-UGbiLL,Saint Joseph Seventh-day Adventist Church,E016711,https://drive.google.com/drive/folders/1v7a0-ZCiAL0OYxmnlpir4Ij3_-UGbiLL
1v17w3oHBsuF3Y66Tg3aRgZ-Klf7tBvcm,Sault Ste Marie Seventh-day Adventist Church,E016713,https://drive.google.com/drive/folders/1v17w3oHBsuF3Y66Tg3aRgZ-Klf7tBvcm
1urnlt_WJ4tZzr2eXnkNazKimSTv4XEjh,Shelby Seventh-day Adventist Church,E016714,https://drive.google.com/drive/folders/1urnlt_WJ4tZzr2eXnkNazKimSTv4XEjh
1unJp4wPgWBx_m0i_FRkT1Z9LDkTkIBA3,South Flint Seventh-day Adventist Church,E016715,https://drive.google.com/drive/folders/1unJp4wPgWBx_m0i_FRkT1Z9LDkTkIBA3
1uiwiQpL3QnRupgNQyn5eDWT_uTOI-rNX,South Haven Seventh-day Adventist Church,E019551,https://drive.google.com/drive/folders/1uiwiQpL3QnRupgNQyn5eDWT_uTOI-rNX
1uhz5WaUAIk2Mvevi59ZoWMRypOpbkXo4,Sparta Seventh-day Adventist Church,E016716,https://drive.google.com/drive/folders/1uhz5WaUAIk2Mvevi59ZoWMRypOpbkXo4
1uhp2wGZZ6lrqvhdCDrtT5up49DoQeJ3W,Stevensville Seventh-day Adventist Church,E016717,https://drive.google.com/drive/folders/1uhp2wGZZ6lrqvhdCDrtT5up49DoQeJ3W
1ucVlCBBPy0L3kQtYXAxj_D6H8q98UZ-4,Tawas City Seventh-day Adventist Church,E016718,https://drive.google.com/drive/folders/1ucVlCBBPy0L3kQtYXAxj_D6H8q98UZ-4
1wSe6Df-mf6onyWeJ9DkQz6iLDi5dwkig,Tecumseh Seventh-day Adventist Church,E016719,https://drive.google.com/drive/folders/1wSe6Df-mf6onyWeJ9DkQz6iLDi5dwkig
1wMC7MSlFepnqKin2O1PXQxHNPGSPOC1d,Three Angels Fellowship,E016608,https://drive.google.com/drive/folders/1wMC7MSlFepnqKin2O1PXQxHNPGSPOC1d
1wLEKrPnIrFBWZknEc3BbicY-Qq2zWt_L,Traverse City Seventh-day Adventist Church,E016722,https://drive.google.com/drive/folders/1wLEKrPnIrFBWZknEc3BbicY-Qq2zWt_L
1wHPRYWPrsKycxeelV-BIwPSVDqfzobZv,Troy Korean Seventh-day Adventist Company,E031817,https://drive.google.com/drive/folders/1wHPRYWPrsKycxeelV-BIwPSVDqfzobZv
1wB7AIDWXFuFVSu6_X1wZQiwRUQxRWcew,Troy Seventh-day Adventist Church,E016723,https://drive.google.com/drive/folders/1wB7AIDWXFuFVSu6_X1wZQiwRUQxRWcew
1w96sTrr0GKoNvbghZING9yA4r836kzsy,Unionville Seventh-day Adventist Church,E016726,https://drive.google.com/drive/folders/1w96sTrr0GKoNvbghZING9yA4r836kzsy
1w-I5S_kmiEeqi3JOgcTDwiuydqVbnTxW,Urbandale Seventh-day Adventist Church,E016727,https://drive.google.com/drive/folders/1w-I5S_kmiEeqi3JOgcTDwiuydqVbnTxW
1vyHVrd9EuRRl8JoSET3oTT2tkDmNujgH,Vassar Seventh-day Adventist Church,E016728,https://drive.google.com/drive/folders/1vyHVrd9EuRRl8JoSET3oTT2tkDmNujgH
1vwSP5k1mTxsTLLDPeL1vkPWHX4DcM_CU,Warren Seventh-day Adventist Church,E016729,https://drive.google.com/drive/folders/1vwSP5k1mTxsTLLDPeL1vkPWHX4DcM_CU
1vnfpjzuPQuZDAc5mqmSbnkHVuDsTpUrs,Waterford Riverside Seventh-day Adventist Church,E016701,https://drive.google.com/drive/folders/1vnfpjzuPQuZDAc5mqmSbnkHVuDsTpUrs
1venncHTf9vKB2P_TjDyzcuLzGtTN3_w4,West Branch Seventh-day Adventist Church,E016730,https://drive.google.com/drive/folders/1venncHTf9vKB2P_TjDyzcuLzGtTN3_w4
1veBW4IDXad24IzMEmNmHX_PVNFc1jaoI,Williamston Seventh-day Adventist Company,E016731,https://drive.google.com/drive/folders/1veBW4IDXad24IzMEmNmHX_PVNFc1jaoI
1vbqqe911lu5lCuw-zGSVF8EpRCo5iuJQ,Wilson Seventh-day Adventist Church,E016732,https://drive.google.com/drive/folders/1vbqqe911lu5lCuw-zGSVF8EpRCo5iuJQ
1vS7GV_cIXIjDduqdAaQCDnnCLpbLbAFh,Wright Seventh-day Adventist Church,E016733,https://drive.google.com/drive/folders/1vS7GV_cIXIjDduqdAaQCDnnCLpbLbAFh
1vP4v2WEsjig450LTUbWQLju31rUu3BoA,Wyoming Rogers Heights Spanish Seventh-day Adventist,E051717,https://drive.google.com/drive/folders/1vP4v2WEsjig450LTUbWQLju31rUu3BoA
1xV3FLse3VNn5ZP9OlQtSV-o75-XiR7A7,Wyoming Seventh-day Adventist Church,E016734,https://drive.google.com/drive/folders/1xV3FLse3VNn5ZP9OlQtSV-o75-XiR7A7